{
  "blueberry thai": {
    "name": "Blueberry Thai",
    "terpenes": {
      "myrcene": 0.6682363557392091,
      "limonene": 0.09318288443665204,
      "caryophyllene": 0.08580937741513887,
      "pinene": 0.33072651473611897,
      "linalool": 0.1264881251421858,
      "humulene": 0.13146070493722523,
      "terpinolene": 0.10553931542853799,
      "ocimene": 0.055588026860027,
      "nerolidol": 0.03776310971837752,
      "bisabolol": 0.027823734990531552,
      "eucalyptol": 0.025233809715090982
    },
    "cannabinoids": {
      "thc": 0.2426107661044145,
      "cbd": 0.11423671434272459,
      "cbg": 0.015892068739037257,
      "cbn": 0.004058901052320625,
      "thcv": 0.004481601249901454
    },
    "effects": [
      "calm",
      "sleepy",
      "pain relief"
    ],
    "type": "indica",
    "thc_range": "22.3-26.3%",
    "cbd_range": "10.9-11.9%",
    "description": "A indica strain with fruity, sweet flavors and calm, sleepy effects.",
    "flavors": [
      "fruity",
      "sweet",
      "tropical"
    ]
  },
  "sour zkittlez": {
    "name": "Sour Zkittlez",
    "terpenes": {
      "myrcene": 0.7459652676463395,
      "limonene": 0.380241212523242,
      "caryophyllene": 0.2565606265844472,
      "pinene": 0.24813833436183685,
      "linalool": 0.13552970391451458,
      "humulene": 0.13639562609790676,
      "terpinolene": 0.1106948581585116,
      "ocimene": 0.0017423831364594526,
      "nerolidol": 0.016426212128956754,
      "bisabolol": 0.01716977931378032,
      "eucalyptol": 0.027253114377863624
    },
    "cannabinoids": {
      "thc": 0.2945541500850918,
      "cbd": 0.0923954909246225,
      "cbg": 0.017891697116661533,
      "cbn": 0.005064319725577251,
      "thcv": 0.004403189292176068
    },
    "effects": [
      "relaxed",
      "happy",
      "uplifted"
    ],
    "type": "sativa",
    "thc_range": "27.5-31.5%",
    "cbd_range": "8.7-9.7%",
    "description": "A sativa strain with fruity, sweet flavors and relaxed, happy effects.",
    "flavors": [
      "fruity",
      "sweet",
      "tropical"
    ]
  }
}