{
  "test strain": {
    "name": "Test Strain",
    "terpenes": {
      "myrcene": 0.5,
      "limonene": 0.3
    },
    "cannabinoids": {
      "thc": 0.2,
      "cbd": 0.1
    },
    "effects": [
      "relaxed",
      "happy"
    ],
    "type": "hybrid",
    "description": "A test strain"
  },
  "blueberry thai": {
    "name": "Blueberry Thai",
    "terpenes": {
      "myrcene": 0.3535044204435117,
      "limonene": 0.3373223844492699,
      "caryophyllene": 0.3050827061988833,
      "pinene": 0.173849015456292,
      "linalool": 0.1488652926219127,
      "humulene": 0.19988772609767252,
      "terpinolene": 0.05597937761475843,
      "ocimene": 0.017835538667033614,
      "nerolidol": 0.025118457992750812,
      "bisabolol": 0.03427448056376317,
      "eucalyptol": 0.010159279799933512
    },
    "cannabinoids": {
      "thc": 0.15521321797310392,
      "cbd": 0.07919804658833972,
      "cbg": 0.018099515765080516,
      "cbn": 0.0045911238775764186,
      "thcv": 0.004276932697728066
    },
    "effects": [
      "focused",
      "alert",
      "uplifted"
    ],
    "type": "hybrid",
    "thc_range": "13.5-17.5%",
    "cbd_range": "7.4-8.4%",
    "description": "A hybrid strain with fruity, sweet flavors and focused, alert effects.",
    "flavors": [
      "fruity",
      "sweet",
      "tropical"
    ]
  },
  "sour zkittlez": {
    "name": "Sour Zkittlez",
    "terpenes": {
      "myrcene": 0.46879724702248116,
      "limonene": 0.14508191259103623,
      "caryophyllene": 0.4960130544429519,
      "pinene": 0.2572164843249251,
      "linalool": 0.04276952607476432,
      "humulene": 0.09065265636001464,
      "terpinolene": 0.08408311636141774,
      "ocimene": 0.06895764653369092,
      "nerolidol": 0.0008968806921161892,
      "bisabolol": 0.014292009123864897,
      "eucalyptol": 0.02567527279711788
    },
    "cannabinoids": {
      "thc": 0.17299481893257448,
      "cbd": 0.052822646251226096,
      "cbg": 0.007147054950008382,
      "cbn": 0.004735221079260821,
      "thcv": 0.004862811175422909
    },
    "effects": [
      "focused",
      "alert",
      "uplifted"
    ],
    "type": "hybrid",
    "thc_range": "15.3-19.3%",
    "cbd_range": "4.8-5.8%",
    "description": "A hybrid strain with earthy, herbal flavors and focused, alert effects.",
    "flavors": [
      "earthy",
      "herbal",
      "spicy"
    ]
  }
}