{
  "1": {
    "id": "1",
    "name": "User 1",
    "address": "Default Location",
    "radius": 25,
    "favorite_strains": [
      "blue dream",
      "Blueberry Thai"
    ],
    "ranked_favorites": [
      {
        "name": "blue dream",
        "terpenes": {
          "myrcene": 0.4606419423743826,
          "limonene": 0.30650408680165764,
          "caryophyllene": 0.3619125531119275,
          "pinene": 0.3722583771281875,
          "linalool": 0.19912280631238125,
          "humulene": 0.15299485793440368,
          "terpinolene": 0.006174559233330362,
          "ocimene": 0.018382796901991214,
          "nerolidol": 0.006157627604094964,
          "bisabolol": 0.014058345988363256,
          "eucalyptol": 0.009627041643512938
        },
        "cannabinoids": {
          "thc": 0.1959120562537551,
          "cbd": 0.11768208993500211,
          "cbg": 0.013810166197946668,
          "cbn": 0.0095546260123987,
          "thcv": 0.004493637704342768
        },
        "effects": [
          "calm",
          "sleepy",
          "pain relief"
        ],
        "flavors": [
          "sweet",
          "citrus",
          "earthy"
        ],
        "type": "sativa",
        "thc_range": "17.6-21.6%",
        "cbd_range": "11.3-12.3%"
      },
      {
        "name": "Blueberry Thai",
        "terpenes": {
          "myrcene": 0.4100324423991256,
          "limonene": 0.1795762379910008,
          "caryophyllene": 0.20542486322601178,
          "pinene": 0.3224352996357306,
          "linalool": 0.2897109875842572,
          "humulene": 0.14007903950830328,
          "terpinolene": 0.12951073259040052,
          "ocimene": 0.04230169780468629,
          "nerolidol": 0.02583675128145825,
          "bisabolol": 0.005208363253242993,
          "eucalyptol": 0.008951217012516976
        },
        "cannabinoids": {
          "thc": 0.2865914128010175,
          "cbd": 0.14679256978591929,
          "cbg": 0.018466946705384596,
          "cbn": 0.00658007271741684,
          "thcv": 0.0033414740007439592
        },
        "effects": [
          "calm",
          "sleepy",
          "pain relief"
        ],
        "flavors": [
          "sweet",
          "citrus",
          "earthy"
        ],
        "type": "indica",
        "thc_range": "26.7-30.7%",
        "cbd_range": "14.2-15.2%"
      }
    ],
    "ideal_profile": {
      "aggregate_terpenes": {
        "myrcene": 0.6682363557392091,
        "pinene": 0.7,
        "caryophyllene": 0.45,
        "limonene": 0.6,
        "linalool": 0.3,
        "humulene": 0.25,
        "terpinolene": 0.2,
        "ocimene": 0.055588026860027,
        "nerolidol": 0.03776310971837752,
        "bisabolol": 0.027823734990531552,
        "eucalyptol": 0.025233809715090982
      },
      "aggregate_cannabinoids": {
        "thc": 0.2426107661044145,
        "cbd": 0.11423671434272459,
        "cbg": 0.015892068739037257,
        "cbn": 0.004058901052320625,
        "thcv": 0.004481601249901454
      },
      "terpene_analysis": [
        {
          "name": "Pinene",
          "level": "70.0",
          "description": "A pine-scented terpene that promotes alertness and memory retention. Found in pine needles and rosemary.",
          "effects": [
            "alertness",
            "memory retention",
            "bronchodilator",
            "anti-inflammatory"
          ],
          "aroma": "Pine, fresh, woody"
        },
        {
          "name": "Myrcene",
          "level": "66.8",
          "description": "The most common terpene in cannabis, known for its sedative and relaxing effects. Found in hops, mango, and lemongrass.",
          "effects": [
            "relaxation",
            "sedation",
            "muscle relaxation",
            "pain relief"
          ],
          "aroma": "Earthy, musky, clove-like"
        },
        {
          "name": "Limonene",
          "level": "60.0",
          "description": "A citrusy terpene that promotes mood elevation and stress relief. Also found in citrus fruits and peppermint.",
          "effects": [
            "mood elevation",
            "stress relief",
            "anxiety reduction",
            "antidepressant"
          ],
          "aroma": "Citrus, lemon, orange"
        },
        {
          "name": "Caryophyllene",
          "level": "45.0",
          "description": "A unique terpene that also acts as a cannabinoid, binding to CB2 receptors. Known for anti-inflammatory properties.",
          "effects": [
            "anti-inflammatory",
            "pain relief",
            "stress relief",
            "anxiety reduction"
          ],
          "aroma": "Spicy, peppery, woody"
        },
        {
          "name": "Linalool",
          "level": "30.0",
          "description": "A floral terpene with calming and sedative properties. Found in lavender and jasmine.",
          "effects": [
            "calming",
            "sedation",
            "anxiety relief",
            "antidepressant"
          ],
          "aroma": "Floral, lavender, sweet"
        }
      ],
      "top_effects": [
        "happy",
        "uplifted",
        "creative",
        "relaxed",
        "focused",
        "calm",
        "sleepy",
        "pain relief"
      ],
      "top_medical_effects": [
        "pain relief",
        "depression",
        "stress",
        "anxiety"
      ],
      "top_flavors": [
        "sweet",
        "berry",
        "earthy",
        "blueberry",
        "fruity",
        "tropical"
      ],
      "top_aromas": [
        "sweet",
        "berry",
        "earthy",
        "fruity"
      ],
      "strain_count": 2,
      "dominant_terpenes": [
        "pinene",
        "myrcene",
        "limonene",
        "caryophyllene",
        "linalool"
      ],
      "dominant_cannabinoids": [
        "thc",
        "cbd",
        "cbg"
      ],
      "terpene_diversity": 11,
      "cannabinoid_diversity": 5
    }
  }
}